<TICKER>;<PER>;<DATE>;<TIME>;<OPEN>;<HIGH>;<LOW>;<CLOSE>;<VOL>
IMOEX;D;230104;000000;2157.18;2174.23;2157.18;2172.68;12513772613
IMOEX;D;230105;000000;2171.54;2179.56;2162.06;2168.42;11572472226
IMOEX;D;230106;000000;2170.4;2171.94;2154.16;2156.67;9795860282
IMOEX;D;230107;000000;2157.32;2160.08;2153.32;2156.39;7629262703
IMOEX;D;230110;000000;2163.43;2169.71;2162.01;2163.5;18229374864
IMOEX;D;230111;000000;2162.7;2162.92;2145.14;2159.51;14437502211
IMOEX;D;230112;000000;2156.28;2190.4;2153.55;2186.98;35199068295
IMOEX;D;230113;000000;2193.53;2194.8;2177.36;2185.93;21247673022
IMOEX;D;230114;000000;2188.6;2204.18;2179.82;2199.94;27608131425
IMOEX;D;230117;000000;2204.64;2224.9;2204.46;2224.9;27004230302
IMOEX;D;230118;000000;2225.26;2226.49;2196.84;2196.84;31405275404
IMOEX;D;230119;000000;2188.9;2206.66;2177.65;2196.26;24354621288
IMOEX;D;230120;000000;2190.02;2193.93;2162.11;2168.83;25527858714
IMOEX;D;230121;000000;2167.61;2173.71;2154.37;2166.69;18771183436
IMOEX;D;230124;000000;2167.92;2186.85;2164.89;2185.31;20458882720
IMOEX;D;230125;000000;2191.64;2199.29;2172.75;2172.75;28998336156
IMOEX;D;230126;000000;2168.48;2176.61;2160.76;2170.15;22598835046
IMOEX;D;230127;000000;2181.96;2183.77;2166.92;2166.92;22688381374
IMOEX;D;230128;000000;2174.85;2189.35;2167.33;2189.35;22212005108
IMOEX;D;230131;000000;2193.99;2204.41;2189.12;2204.41;25330739987
IMOEX;D;230201;000000;2203.57;2225.6;2202.76;2225.6;33453607956
IMOEX;D;230202;000000;2232.02;2247.12;2224.95;2230.15;39301388253
IMOEX;D;230203;000000;2243.04;2249.56;2228.56;2243.54;32801716728
IMOEX;D;230204;000000;2239.1;2253.7;2216.63;2248.3;43309276904
IMOEX;D;230207;000000;2245.93;2276.5;2243.77;2272.37;41996751982
IMOEX;D;230208;000000;2281.69;2290.51;2262.3;2267.69;41020470817
IMOEX;D;230209;000000;2273.59;2283.49;2244.52;2251.97;36339368570
IMOEX;D;230210;000000;2258.97;2269.96;2241.02;2262.45;36676073920
IMOEX;D;230211;000000;2253.51;2264.39;2249.62;2261.58;20722191586
IMOEX;D;230214;000000;2262.65;2271;2261.37;2264.27;18330885936
IMOEX;D;230215;000000;2256.59;2256.96;2225.94;2232.23;31013851411
IMOEX;D;230216;000000;2216.69;2216.69;2164.7;2166.46;42696988341
IMOEX;D;230217;000000;2169.39;2186.64;2150.17;2153.96;33114594123
IMOEX;D;230218;000000;2157.5;2180.96;2147.31;2168.88;23600899785
IMOEX;D;230221;000000;2172.53;2186.39;2140.78;2183.57;31016215640
IMOEX;D;230222;000000;2184.6;2227.82;2184.51;2212.42;49446562564
IMOEX;D;230223;000000;2215.43;2215.58;2194.99;2212.4;20591028972
IMOEX;D;230225;000000;2209.1;2223.23;2202.25;2208.03;18884075081
IMOEX;D;230228;000000;2194.39;2241.1;2188.95;2241.1;36413144034
IMOEX;D;230301;000000;2246.26;2258.68;2239.59;2253.16;37037934005
IMOEX;D;230302;000000;2258.89;2287.48;2255.45;2279.65;39998084854
IMOEX;D;230303;000000;2284.87;2286.27;2235.43;2254.3;50700148754
IMOEX;D;230304;000000;2250.12;2273.52;2249.81;2272.2;26691515809
IMOEX;D;230307;000000;2286.2;2297.86;2283.4;2294.12;33805510005
IMOEX;D;230308;000000;2294.32;2298.93;2281.46;2295.6;24577188303
IMOEX;D;230310;000000;2295.03;2302.1;2278.95;2290.14;28737624061
IMOEX;D;230311;000000;2272.61;2283.18;2266.33;2276.25;28406887151
IMOEX;D;230314;000000;2279.13;2289.7;2250.14;2269.47;40548601017
IMOEX;D;230315;000000;2266.78;2290.32;2261.65;2290.32;37207686073
IMOEX;D;230316;000000;2287.16;2295.06;2257;2262.07;40744048851
IMOEX;D;230317;000000;2262.61;2269.01;2236.77;2258.22;35340044256
IMOEX;D;230318;000000;2284.78;2322.78;2275.48;2322.78;107891118681
IMOEX;D;230321;000000;2337.83;2397.16;2332.8;2397.16;85279239657
IMOEX;D;230322;000000;2417.43;2431.23;2383.08;2398.15;74761682397
IMOEX;D;230323;000000;2387.81;2398.76;2374.46;2393.88;34107041796
IMOEX;D;230324;000000;2386.7;2396.5;2379.88;2388.35;23549170562
IMOEX;D;230325;000000;2386.53;2394.03;2384.29;2391.53;20819951078
IMOEX;D;230328;000000;2400.84;2440.68;2400.84;2440.68;46667998385
IMOEX;D;230329;000000;2453.26;2458.37;2421.39;2442.19;41511360697
IMOEX;D;230330;000000;2449.96;2468.48;2437.52;2460.87;45320275043
IMOEX;D;230331;000000;2458.06;2467.97;2450.46;2465.93;29463490073
IMOEX;D;230401;000000;2470.12;2472.53;2424.45;2450.67;49027793443
IMOEX;D;230404;000000;2474.37;2482.54;2463;2473.32;38023970921
IMOEX;D;230405;000000;2483.47;2511.49;2479.24;2480.45;61354905797
IMOEX;D;230406;000000;2489.18;2500.8;2465.77;2500.8;45705249900
IMOEX;D;230407;000000;2504.06;2521.81;2498.3;2498.3;43265609089
IMOEX;D;230408;000000;2504.04;2511.95;2491.37;2508.39;28867367552
IMOEX;D;230411;000000;2523.2;2548.41;2523.2;2547.35;50694941214
IMOEX;D;230412;000000;2560.04;2577.51;2515.83;2533.69;82399290110
IMOEX;D;230413;000000;2538.62;2554.77;2520.65;2538.47;39300737126
IMOEX;D;230414;000000;2546.98;2557.58;2528.06;2544.28;31325943978
IMOEX;D;230415;000000;2546.93;2554.85;2532.39;2554.85;33765105934
IMOEX;D;230418;000000;2572.54;2596.45;2572.54;2596.11;48623055906
IMOEX;D;230419;000000;2601.34;2615.62;2586.05;2615.62;55112510691
IMOEX;D;230420;000000;2617.91;2629.01;2584.96;2606.55;75062780398
IMOEX;D;230421;000000;2600.71;2640.78;2565.61;2637.85;76052647220
IMOEX;D;230422;000000;2640.99;2648.21;2626.94;2639.95;57207992419
IMOEX;D;230425;000000;2636.76;2651.8;2609.4;2635.43;40359092138
IMOEX;D;230426;000000;2639.67;2642.12;2619.67;2626.86;32069854640
IMOEX;D;230427;000000;2625.62;2631.13;2614.98;2620.33;31796127488
IMOEX;D;230428;000000;2620.65;2646.18;2617.04;2646.18;57836207669
IMOEX;D;230429;000000;2653.93;2657.9;2608.02;2634.94;51137018779
IMOEX;D;230503;000000;2623.29;2635.53;2560.09;2580.51;63421980955
IMOEX;D;230504;000000;2585.4;2586.17;2532.42;2532.42;54463786540
IMOEX;D;230505;000000;2524.97;2547.2;2524.36;2524.51;38660000110
IMOEX;D;230506;000000;2544.47;2555.39;2529.08;2538.24;35444350761
IMOEX;D;230509;000000;2528.74;2538.23;2513.84;2527.59;20324340008
IMOEX;D;230511;000000;2483.92;2556.67;2483.79;2548.63;70899882336
IMOEX;D;230512;000000;2573.41;2610.8;2567.98;2595.12;74649425279
IMOEX;D;230513;000000;2570.65;2584.91;2552.05;2565.17;37699975037
IMOEX;D;230516;000000;2581.64;2611.71;2581.64;2611.07;43930838148
IMOEX;D;230517;000000;2645.94;2655.73;2621.59;2633.71;42600850257
IMOEX;D;230518;000000;2637.51;2646.61;2623.15;2634.48;38920642889
IMOEX;D;230519;000000;2650.12;2658.57;2624.49;2632.91;59105430926
IMOEX;D;230520;000000;2627.59;2635.8;2612.47;2626.16;58790715324
IMOEX;D;230523;000000;2648.3;2652.97;2622.35;2633.26;42553485689
IMOEX;D;230524;000000;2641.05;2648.69;2607.63;2641.66;72019568545
IMOEX;D;230525;000000;2643.73;2659.68;2626.43;2654.99;71788021943
IMOEX;D;230526;000000;2662.85;2663.51;2631.03;2649.98;66958508415
IMOEX;D;230527;000000;2650.38;2685.14;2645.54;2682.03;52544481185
IMOEX;D;230530;000000;2697.46;2732;2697.46;2732;66128347323
IMOEX;D;230531;000000;2712.04;2748.6;2687.81;2698.75;89971597547
IMOEX;D;230601;000000;2698.11;2718.27;2676.27;2717.64;58314595036
IMOEX;D;230602;000000;2720.21;2729.97;2709.33;2721.73;43211683996
IMOEX;D;230603;000000;2684.59;2720.47;2684.59;2719.48;66753535007
IMOEX;D;230606;000000;2726.17;2738.82;2679.3;2694.14;77243686738
IMOEX;D;230607;000000;2667.76;2687.41;2628;2681.25;76379214029
IMOEX;D;230608;000000;2690.94;2711.72;2674.11;2694.69;55920146858
IMOEX;D;230609;000000;2693.6;2709.69;2688.31;2709.69;38188859175
IMOEX;D;230610;000000;2717.2;2721.84;2705.24;2708.04;39062501968
IMOEX;D;230614;000000;2715.31;2757.28;2715.15;2757.28;52842178198
IMOEX;D;230615;000000;2777.2;2786.06;2758.35;2765.18;59282911977
IMOEX;D;230616;000000;2776.77;2809.42;2764.89;2800.17;70656176142
IMOEX;D;230617;000000;2809.28;2813.74;2783.71;2800.79;45797616801
IMOEX;D;230620;000000;2808.04;2816.57;2783.69;2815.07;68461308059
IMOEX;D;230621;000000;2810.14;2814.72;2778;2803.69;57023096018
IMOEX;D;230622;000000;2808.87;2821.88;2794.68;2819.3;45157380131
IMOEX;D;230623;000000;2817.3;2820.43;2805.92;2815.83;34397622202
IMOEX;D;230624;000000;2790.04;2795.06;2767.82;2795.06;44113808958
IMOEX;D;230627;000000;2771.52;2784.28;2741.33;2757.13;55624443319
IMOEX;D;230628;000000;2759.61;2785.33;2743.07;2776.63;53762191394
IMOEX;D;230629;000000;2781.1;2787.52;2766.93;2780.92;51943848818
IMOEX;D;230630;000000;2790.27;2804.8;2783.53;2796.41;46908083129
IMOEX;D;230701;000000;2796;2800.12;2779.61;2797.37;44467843000
IMOEX;D;230704;000000;2795.58;2804.93;2790.81;2793.93;53464165683
IMOEX;D;230705;000000;2798.02;2808.22;2776.79;2808.22;50008259491
IMOEX;D;230706;000000;2795.4;2813.76;2795.4;2805;40919411599
IMOEX;D;230707;000000;2816.74;2837.49;2813.38;2819.6;49081716977
IMOEX;D;230708;000000;2823.89;2832.82;2814.38;2832.51;35298822309
IMOEX;D;230711;000000;2838.85;2864.32;2838.52;2856.76;87982411081
IMOEX;D;230712;000000;2865.64;2867.36;2851.01;2860.33;54658841880
IMOEX;D;230713;000000;2870.61;2897.28;2870.61;2896.83;49243265925
IMOEX;D;230714;000000;2899.98;2912.15;2873;2885.63;49945899336
IMOEX;D;230715;000000;2882.96;2902.72;2874.44;2902.72;39994062891
IMOEX;D;230718;000000;2889.09;2917.72;2880.11;2917.61;53257288785
IMOEX;D;230719;000000;2923.69;2955.81;2922.74;2954.52;77156128343
IMOEX;D;230720;000000;2959.41;2966.72;2938.66;2943.43;58694687222
IMOEX;D;230721;000000;2947.08;2947.29;2905.02;2917.48;61333694672
IMOEX;D;230722;000000;2890.45;2925.54;2889.78;2923.54;45077238805
IMOEX;D;230725;000000;2929.23;2947.17;2925.1;2937.47;44527494706
IMOEX;D;230726;000000;2948.87;2975.36;2943.74;2975.36;53238260846
IMOEX;D;230727;000000;2974.21;2982.47;2954.9;2970.42;56825939145
IMOEX;D;230728;000000;2975.52;2992.47;2975.52;2987.85;61871662319
IMOEX;D;230729;000000;2986.35;3008.61;2978.12;3008.61;51925664852
IMOEX;D;230801;000000;3026.93;3073.5;3026.93;3073.5;97179543240
IMOEX;D;230802;000000;3085.97;3114.56;3055.25;3093.64;103501354441
IMOEX;D;230803;000000;3096.72;3123.45;3080.63;3106.46;67992425373
IMOEX;D;230804;000000;3111.7;3150.28;3094.27;3147.8;90777814431
IMOEX;D;230805;000000;3158.53;3194.83;3073.69;3092.44;150935161509
IMOEX;D;230808;000000;3120.54;3153.6;3084.08;3084.08;71380603188
IMOEX;D;230809;000000;3077.63;3092.54;3026.72;3085.31;75856292667
IMOEX;D;230810;000000;3106.03;3120.25;3083.77;3099.52;52640508265
IMOEX;D;230811;000000;3122.06;3148.86;3115.85;3148.86;76102625157
IMOEX;D;230812;000000;3158.59;3163.47;3138.04;3155.51;58801620624
IMOEX;D;230815;000000;3186.47;3225.78;3117.31;3131;143756965640
IMOEX;D;230816;000000;3083.32;3163.74;3068.66;3115.25;101169255425
IMOEX;D;230817;000000;3109.46;3122.34;3015.57;3049.46;101922738707
IMOEX;D;230818;000000;3069.81;3076.31;3031.73;3059.02;58011690736
IMOEX;D;230819;000000;3077.78;3111.22;3058.01;3111.22;52519793191
IMOEX;D;230822;000000;3139.29;3150.61;3122.37;3139.93;67654848151
IMOEX;D;230823;000000;3146.42;3172.22;3124.19;3164.25;82928197094
IMOEX;D;230824;000000;3180.39;3184.17;3113.24;3146.2;77479462508
IMOEX;D;230825;000000;3117.02;3137.37;3108.17;3137.37;40185059413
IMOEX;D;230826;000000;3150.03;3158.61;3132.07;3157.33;39474596738
IMOEX;D;230829;000000;3161.36;3202.24;3161.36;3198.72;63368701488
IMOEX;D;230830;000000;3205.06;3218.4;3191.31;3211.36;83824471651
IMOEX;D;230831;000000;3214.11;3220.85;3193.18;3212.68;71328311195
IMOEX;D;230901;000000;3218.48;3234.68;3211.94;3227.99;69694153712
IMOEX;D;230902;000000;3230.53;3232.92;3214.95;3231.35;54884878744
IMOEX;D;230905;000000;3242.49;3268.97;3242.4;3268.97;77901001459
IMOEX;D;230906;000000;3273.39;3287.34;3246.46;3264.43;69924617171
IMOEX;D;230907;000000;3270.84;3270.84;3236.79;3245.47;61770348807
IMOEX;D;230908;000000;3247.9;3262.73;3145.25;3169.07;110587023656
IMOEX;D;230909;000000;3178.44;3188.77;3114.39;3142.88;72988143442
IMOEX;D;230912;000000;3145.26;3153.61;3106.92;3122.37;69196002434
IMOEX;D;230913;000000;3118.14;3165.92;3117.7;3165.92;63390522298
IMOEX;D;230914;000000;3157.98;3169.8;3148.32;3148.32;24887960181
IMOEX;D;230915;000000;3144.29;3148.5;3072.82;3139.49;76593640465
IMOEX;D;230916;000000;3126.57;3155.45;3116.72;3152.53;54150655809
IMOEX;D;230919;000000;3165.06;3177.23;3127.37;3135.18;56363929560
IMOEX;D;230920;000000;3134.37;3141.38;3054.25;3083.85;90697414072
IMOEX;D;230921;000000;3061.18;3091.05;3013.75;3068.15;90414748564
IMOEX;D;230922;000000;3058.2;3062.68;3009.89;3019.22;75754918837
IMOEX;D;230923;000000;3009.87;3051.69;2988.04;3049.07;70541006633
IMOEX;D;230926;000000;3051.85;3056.23;3025.89;3045.39;43781955521
IMOEX;D;230927;000000;3034.23;3051.91;3001.92;3051.91;52619557707
IMOEX;D;230928;000000;3053.37;3081.41;3052.59;3067.61;46165613782
IMOEX;D;230929;000000;3080.81;3108.07;3076.64;3108.07;51660123378
IMOEX;D;230930;000000;3121.07;3141.12;3106.97;3133.26;66248378664
IMOEX;D;231003;000000;3141.69;3162.53;3125.58;3132.33;68581714014
IMOEX;D;231004;000000;3134.45;3146.33;3103.63;3143.88;51681873711
IMOEX;D;231005;000000;3138.62;3154.97;3130.03;3134.25;43906185126
IMOEX;D;231006;000000;3126.71;3138.5;3112.96;3131.76;41451215496
IMOEX;D;231007;000000;3138.87;3145.01;3121;3144.89;39451036259
IMOEX;D;231010;000000;3166.21;3185.86;3164.63;3174.02;56441761366
IMOEX;D;231011;000000;3175.08;3182.08;3162.61;3177.03;39537131585
IMOEX;D;231012;000000;3174.99;3196.44;3168.29;3194.12;66588523818
IMOEX;D;231013;000000;3130.04;3178.5;3122.58;3174.66;62571132736
IMOEX;D;231014;000000;3182.47;3195.23;3176.17;3192.33;50164539589
IMOEX;D;231017;000000;3204.81;3235.66;3202.94;3234.78;65631124360
IMOEX;D;231018;000000;3239.37;3252.55;3228.11;3247.15;72134689040
IMOEX;D;231019;000000;3252.31;3262.54;3225.44;3249.21;81000173319
IMOEX;D;231020;000000;3245.26;3260.45;3232.16;3255.16;57116882589
IMOEX;D;231021;000000;3257.85;3269.71;3236.31;3269.27;69423498349
IMOEX;D;231024;000000;3271.76;3283.8;3248.39;3263.68;66837797956
IMOEX;D;231025;000000;3256.29;3266.59;3237.08;3265.01;57753713995
IMOEX;D;231026;000000;3265.18;3269.76;3243.25;3265.28;59050060810
IMOEX;D;231027;000000;3272.71;3283.49;3221.79;3223.89;77921025120
IMOEX;D;231028;000000;3219.49;3241.55;3185.84;3224.18;71895100528
IMOEX;D;231031;000000;3232.82;3246;3219.7;3227.07;46027902406
IMOEX;D;231101;000000;3221.08;3226.88;3176.53;3200.97;50922304376
IMOEX;D;231102;000000;3192.96;3214.83;3191.34;3206.52;34151534845
IMOEX;D;231103;000000;3216.92;3228.46;3197.22;3197.22;44661043464
IMOEX;D;231104;000000;3207.04;3212.81;3182.17;3208.63;45275913502
IMOEX;D;231107;000000;3207.47;3237.09;3207.1;3235.11;34629484182
IMOEX;D;231108;000000;3239.98;3246.65;3228.46;3246.34;43602565076
IMOEX;D;231109;000000;3238.81;3257.32;3233.11;3245.43;51595042504
IMOEX;D;231110;000000;3241.5;3245.11;3222.34;3239.92;41180868778
IMOEX;D;231111;000000;3236.03;3246.31;3229.1;3242.06;45375928752
IMOEX;D;231114;000000;3241.31;3251.74;3235.06;3248.27;46158296028
IMOEX;D;231115;000000;3236.48;3236.48;3192.32;3212.39;60477293840
IMOEX;D;231116;000000;3195.43;3221.22;3182.78;3215.11;51319236577
IMOEX;D;231117;000000;3209.33;3215.93;3184.97;3189.08;36721302547
IMOEX;D;231118;000000;3172.78;3208.17;3151.95;3206.34;47102783136
IMOEX;D;231121;000000;3205.73;3216.73;3194.4;3207.36;38327738173
IMOEX;D;231122;000000;3198.73;3219.11;3193.46;3218.48;42284572626
IMOEX;D;231123;000000;3221.9;3239.17;3220.37;3230.65;52978233723
IMOEX;D;231124;000000;3233.09;3238.81;3218.72;3221.05;37275484221
IMOEX;D;231125;000000;3223.75;3231.77;3203.62;3217.76;46289477525
IMOEX;D;231128;000000;3220.25;3224.61;3178.2;3191.05;68069996522
IMOEX;D;231129;000000;3189.16;3197.61;3157.55;3196.36;52669439750
IMOEX;D;231130;000000;3196.75;3200.33;3173.37;3173.52;45013440561
IMOEX;D;231201;000000;3176.5;3176.53;3146.53;3165.79;48879881178
IMOEX;D;231202;000000;3155.87;3162.97;3136.56;3142.29;39399849253
IMOEX;D;231205;000000;3123.18;3126.55;3096.28;3114.41;47472192271
IMOEX;D;231206;000000;3102.3;3134.57;3090.31;3129.33;40616313023
IMOEX;D;231207;000000;3139.89;3146.52;3077.94;3079.5;56994161677
IMOEX;D;231208;000000;3065.93;3084.5;3041.11;3073.63;58445034321
IMOEX;D;231209;000000;3079.88;3100.22;3067.46;3079.99;33718138747
IMOEX;D;231212;000000;3081.88;3082.3;3025.74;3026.17;67482729976
IMOEX;D;231213;000000;3020.61;3046.81;2992.5;3019.89;49905501703
IMOEX;D;231214;000000;3011.99;3043.42;3002.38;3032.22;32628833032
IMOEX;D;231215;000000;3046.43;3057.08;3005.94;3008.84;36584934144
IMOEX;D;231216;000000;2959.29;3037.29;2959.29;3033.89;68901058125
IMOEX;D;231219;000000;3052.14;3090.04;3048.82;3076.26;57321317708
IMOEX;D;231220;000000;3084.12;3091.26;3066.34;3083.64;49073589110
IMOEX;D;231221;000000;3091.35;3113.92;3088.74;3104.66;51591671407
IMOEX;D;231222;000000;3093.46;3095.01;3050;3073.57;57195576040
IMOEX;D;231223;000000;3076.31;3102.75;3075.56;3092.58;58685100616
IMOEX;D;231226;000000;3095.42;3108.14;3086.89;3099.02;63938381786
IMOEX;D;231227;000000;3090.39;3098.69;3080.92;3094.72;45636778193
IMOEX;D;231228;000000;3100.99;3112.19;3097.31;3097.49;48749868157
IMOEX;D;231229;000000;3099.56;3101.99;3081.98;3101.99;47431925893
IMOEX;D;231230;000000;3092.66;3102.08;3086.26;3099.11;31721834520
IMOEX;D;240104;000000;3099.78;3132.76;3099.1;3130.23;25099765853
IMOEX;D;240105;000000;3140.66;3144.25;3133.93;3136.07;21911294862
IMOEX;D;240106;000000;3138.27;3142.8;3128.16;3136.37;19753389601
IMOEX;D;240109;000000;3140.12;3158.82;3139.37;3158.58;34329074106
IMOEX;D;240110;000000;3156.17;3158.72;3143.03;3155.55;47506553527
IMOEX;D;240111;000000;3158.35;3174.28;3156.44;3164.7;41490192876
IMOEX;D;240112;000000;3158.3;3181.25;3148.5;3181.25;74539735595
IMOEX;D;240113;000000;3182.5;3196.98;3176.09;3185.22;57864409631
IMOEX;D;240116;000000;3190.62;3200.78;3176.73;3184.88;54441165003
IMOEX;D;240117;000000;3186.77;3187.14;3162.98;3179.45;52110375519
IMOEX;D;240118;000000;3174.87;3189.26;3169.99;3185.23;45728506784
IMOEX;D;240119;000000;3188.71;3193.54;3176.72;3178.85;41501331242
IMOEX;D;240120;000000;3176.13;3179.21;3154.46;3166.37;43778561629
IMOEX;D;240123;000000;3161.44;3179.11;3157.37;3172.15;40245676307
IMOEX;D;240124;000000;3176.19;3179.75;3166.66;3175.74;43843170585
IMOEX;D;240125;000000;3176.59;3183.7;3152.96;3162.41;44125488170
IMOEX;D;240126;000000;3163.36;3166.95;3143.89;3157.74;43964617848
IMOEX;D;240127;000000;3164.55;3171.95;3157.76;3163.21;44434205521
IMOEX;D;240130;000000;3169.57;3184.15;3169.57;3176.61;45079333771
IMOEX;D;240131;000000;3181.75;3196.15;3178.82;3196.08;71104347653
IMOEX;D;240201;000000;3201.48;3219.41;3198.83;3214.19;63417125148
IMOEX;D;240202;000000;3220.43;3233.21;3220.38;3229.89;55302181736
IMOEX;D;240203;000000;3229.48;3232.35;3215;3226.35;57285681737
IMOEX;D;240206;000000;3218.91;3232.38;3218.91;3226.79;78173299808
IMOEX;D;240207;000000;3234.44;3238.4;3228.78;3238.4;45528686817
IMOEX;D;240208;000000;3240.57;3259.24;3240.16;3256.58;69261121008
IMOEX;D;240209;000000;3261.18;3266.45;3236.79;3241.81;90042247728
IMOEX;D;240210;000000;3231.3;3242.38;3219.56;3242.38;49456718531
IMOEX;D;240213;000000;3241.57;3248.5;3227.7;3248.5;51206382677
IMOEX;D;240214;000000;3250.3;3259.69;3245.02;3254.6;45946893921
IMOEX;D;240215;000000;3261.52;3267.88;3251.76;3258.14;39167498395
IMOEX;D;240216;000000;3249.78;3265.83;3238.83;3265.63;40015446118
IMOEX;D;240217;000000;3269.84;3275.23;3236.42;3242.48;44894740349
IMOEX;D;240220;000000;3247.46;3253.02;3234.1;3244.56;33376296867
IMOEX;D;240221;000000;3236.85;3237.34;3206.07;3207.49;61414679785
IMOEX;D;240222;000000;3173.01;3185.8;3135.8;3139.5;101720711061
IMOEX;D;240223;000000;3152.75;3166.86;3141.88;3142.3;64212764912
IMOEX;D;240227;000000;3186.06;3213.17;3186.06;3213.17;66894933204
IMOEX;D;240228;000000;3220.26;3224.52;3203.58;3208.99;53230509916
IMOEX;D;240229;000000;3215.53;3240.29;3213.36;3227.05;59789222900
IMOEX;D;240301;000000;3233.03;3258.14;3224.09;3256.8;48704460369
IMOEX;D;240302;000000;3259;3269.28;3249.69;3266.66;57640939039
IMOEX;D;240305;000000;3278.01;3298.63;3277.85;3296.75;83355129302
IMOEX;D;240306;000000;3305.79;3312.41;3283.59;3300.89;63518536901
IMOEX;D;240307;000000;3298.86;3318.14;3289.25;3310.58;47701149735
IMOEX;D;240308;000000;3309.31;3317.73;3303.93;3315.68;40669277132
IMOEX;D;240312;000000;3329.72;3340.37;3318.9;3320.31;61784931694
IMOEX;D;240313;000000;3320.18;3335.41;3304.49;3332.6;51898354497
IMOEX;D;240314;000000;3337.56;3343.56;3317.19;3320.68;57939921527
IMOEX;D;240315;000000;3314.66;3318.49;3287.86;3297;66603665951
IMOEX;D;240316;000000;3295.15;3313.42;3292.13;3300.07;47224152609
IMOEX;D;240319;000000;3305.67;3313.05;3292;3296.3;82200748767
IMOEX;D;240320;000000;3293.93;3303.52;3254.3;3264.97;121871933638
IMOEX;D;240321;000000;3268.87;3286.72;3257.72;3267.1;130841905581
IMOEX;D;240322;000000;3286.75;3297.46;3259.03;3286.69;104190965377
IMOEX;D;240323;000000;3289.28;3299.19;3260.39;3273.49;84381073218
IMOEX;D;240326;000000;3251.24;3281.63;3234.95;3281.63;69191621678
IMOEX;D;240327;000000;3286.2;3291;3275.8;3285.54;57489111456
IMOEX;D;240328;000000;3291.7;3304.09;3280.03;3304.09;49700134113
IMOEX;D;240329;000000;3308.26;3313.59;3301.52;3312.77;59261566609
IMOEX;D;240330;000000;3313.17;3332.53;3305.22;3332.53;56861346349
IMOEX;D;240402;000000;3343.66;3367.34;3343.66;3363.29;97255272712
IMOEX;D;240403;000000;3369.32;3375.69;3357.55;3371.29;78277082408
IMOEX;D;240404;000000;3381.95;3397.33;3376.63;3395.59;82665801097
IMOEX;D;240405;000000;3399.81;3409.62;3392.06;3407.57;77882853131
IMOEX;D;240406;000000;3393.2;3401.16;3385.42;3395.37;56706778794
IMOEX;D;240409;000000;3400.82;3423.35;3400.82;3417.38;68993876070
IMOEX;D;240410;000000;3423.41;3441.18;3408.99;3414.26;79758477615
IMOEX;D;240411;000000;3424.75;3440.03;3405.46;3439.11;63536294118
IMOEX;D;240412;000000;3442.84;3455.61;3431.18;3439.53;50245611381
IMOEX;D;240413;000000;3448.6;3464;3446.79;3456.24;59024105329
IMOEX;D;240416;000000;3456.38;3476.98;3454.06;3472.19;70318353971
IMOEX;D;240417;000000;3478.02;3479.04;3459.45;3462.94;61477772564
IMOEX;D;240418;000000;3469.57;3476.72;3443.07;3454.07;58722007610
IMOEX;D;240419;000000;3451.37;3457.46;3436.95;3455.82;53270817663
IMOEX;D;240420;000000;3458.86;3475.13;3451.48;3470.88;50835243132
IMOEX;D;240423;000000;3468.09;3480.21;3460.58;3479.17;75712964733
IMOEX;D;240424;000000;3483.26;3487.55;3436.83;3439.42;92002065358
IMOEX;D;240425;000000;3438.45;3445.67;3423.17;3428.93;56511304193
IMOEX;D;240426;000000;3429.62;3443.74;3427.02;3439.76;44536289154
IMOEX;D;240427;000000;3446.39;3459.12;3438.06;3449.77;44692478254
IMOEX;D;240428;000000;3453.63;3467.23;3453.4;3465.85;45337967157
IMOEX;D;240430;000000;3468.92;3480.47;3467.25;3478.08;29609289552
IMOEX;D;240501;000000;3481.29;3486.3;3464.86;3469.83;22931749241
IMOEX;D;240503;000000;3470.87;3477.42;3439.58;3442.83;53592209518
IMOEX;D;240504;000000;3443.49;3450.43;3424.63;3441.77;46971206548
IMOEX;D;240507;000000;3441.7;3444.11;3418.47;3436.05;65721435457
IMOEX;D;240508;000000;3405.82;3428.37;3405.82;3427.61;61705345533
IMOEX;D;240509;000000;3431.84;3438.75;3430.1;3432.54;49680849888
IMOEX;D;240511;000000;3438.5;3452.33;3438.5;3449.78;29542705765
IMOEX;D;240514;000000;3459.05;3465.62;3448.5;3457.11;59594043948
IMOEX;D;240515;000000;3465.83;3468.28;3457.31;3463.93;57973690435
IMOEX;D;240516;000000;3466.35;3476.49;3462.86;3470.72;84117798699
IMOEX;D;240517;000000;3480.48;3490.77;3477.85;3486.26;60066871717
IMOEX;D;240518;000000;3495.25;3506.91;3490.17;3501.89;65045651676
IMOEX;D;240521;000000;3516.4;3521.72;3468.09;3468.09;78874066613
IMOEX;D;240522;000000;3447.25;3460.19;3409.92;3428.38;87170304241
IMOEX;D;240523;000000;3433.36;3449.43;3433.36;3444.64;52369153553
IMOEX;D;240524;000000;3436.81;3444.79;3407.41;3442.79;72701741124
IMOEX;D;240525;000000;3438.65;3442.36;3377.64;3396.5;80353186953
IMOEX;D;240528;000000;3384.74;3392.99;3298.21;3299.22;102857465743
IMOEX;D;240529;000000;3305.11;3347.85;3277.48;3302.91;71435532380
IMOEX;D;240530;000000;3307.76;3323.08;3284.14;3318.03;62034452871
IMOEX;D;240531;000000;3332.77;3342.59;3275.54;3282.18;50826987916
IMOEX;D;240601;000000;3258.52;3270.01;3211.19;3217.19;69968909469
